151 proof rum,Base Spirit,151 proof rum/Image_1.JPG
Absolut Vodka,Base Spirit,Absolut Vodka/Image_1.jpg
Amaretto,Liqueur,Amaretto/Image_1.jpg
Apple juice,Mix-in,Apple juice/Image_1.jpeg
Applejack,Base Spirit,Applejack/Image_1.png
Baileys irish cream,Liqueur,Baileys irish cream/Image_1.jpg
Blackberry brandy,Base Spirit,Blackberry brandy/Image_1.jpg
Blended whiskey,Base Spirit,Blended whiskey/Image_1.jpg
Bourbon,Base Spirit,Bourbon/Image_1.jpg
Club soda,Mix-in,Club soda/Image_1.png
Coffee,Mix-in,Coffee/Image_1.jpg
Cognac,Base Spirit,Cognac/Image_1.jpg
Cranberry juice,Mix-in,Cranberry juice/Image_1.jpg
Cream,Mix-in,Cream/Image_1.jpg
Creme de Banane,Liqueur,Creme de Banane/Image_1.jpg
Creme de Cacao,Liqueur,Creme de Cacao/Image_1.jpg
Dark rum,Base Spirit,Dark rum/Image_1.jpg
Dry Vermouth,Base Spirit,Dry Vermouth/Image_1.jpg
Egg White,Mix-in,Egg White/Image_1.jpg
Frangelico,Liqueur,Frangelico/Image_1.jpg
Fruit,Mix-in,Fruit/Image_1.jpg
Fruit juice Sweet Vermouth,Base Spirit,Fruit juice Sweet Vermouth/Image_1.jpg
Gin,Base Spirit,Gin/Image_1.jpg
Grand Marnier,Liqueur,Grand Marnier/Image_1.jpeg
Grapefruit juice,Mix-in,Grapefruit juice/Image_1.jpg
Grenadine,Mix-in,Grenadine/Image_1.jpg
Heavy cream,Mix-in,Heavy cream/Image_1.jpg
Ice,Mix-in,Ice/Image_1.jpg
Kahlua,Liqueur,Kahlua/Image_1.jpg
Lemon Juice,Mix-in,Lemon Juice/Image_1.jpg
Lemon peel,Mix-in,Lemon peel/Image_1.jpg
Lemonade,Mix-in,Lemonade/Image_1.jpg
Light cream,Mix-in,Light cream/Image_1.png
Light rum,Base Spirit,Light rum/Image_1.jpeg
Lime juice,Mix-in,Lime juice/Image_1.jpg
Maraschino cherry,Mix-in,Maraschino cherry/Image_1.jpg
maraschino liqueur,Liqueur,maraschino liqueur/Image_1.jpeg
Milk,Mix-in,Milk/Image_1.jpg
Mint,Mix-in,Mint/Image_1.jpg
Nutmeg,Mix-in,Nutmeg/Image_1.jpg
Orange bitters,Mix-in,Orange bitters/Image_1.jpg
Orange juice,Mix-in,Orange juice/Image_1.jpg
Peach nectar,Mix-in,Peach nectar/Image_1.png
Pineapple juice,Mix-in,Pineapple juice/Image_1.jpg
Pisang Ambon,Liqueur,Pisang Ambon/Image_1.jpg
Rum,Base Spirit,Rum/Image_1.jpg
Salt,Mix-in,Salt/Image_1.jpg
Scotch,Base Spirit,Scotch/Image_1.jpg
Soda Water,Mix-in,Soda Water/Image_1.jpg
Strawberry schnapps,Liqueur,Strawberry schnapps/Image_1.jpg
Sugar,Mix-in,Sugar/Image_1.jpg
Sweet Vermouth,Base Spirit,Sweet Vermouth/Image_1.jpg
Tequila,Base Spirit,Tequila/Image_1.jpg
Tonic water,Mix-in,Tonic water/Image_1.png
Triple sec,Liqueur,Triple sec/Image_1.jpeg
Vermouth,Base Spirit,Vermouth/Image_1.jpg
Vodka,Base Spirit,Vodka/Image_1.jpg
Wild Turkey,Mix-in,Wild Turkey/Image_1.jpg
